component,value,year
EBIT,20050.800000000003,2024
Taxes,-6817.272000000003,2024
Depreciation,8593.2,2024
CAPEX,-10741.5,2024
ΔNWC,-341.0,2024
