scenario,pv_explicit,pv_terminal
base,43440.52754366084,99784.88378335425
downside,34836.70890945946,47283.080850972656
upside,53167.50975561951,217118.7219729918
