Terminal Growth,ev
0.01,110373.85258440285
0.015,113966.77915475023
0.02,117918.99838213235
0.025,122287.240686081
0.03,127140.84324602394
0.035,132565.45787184255
