WACC,ev
0.09,179646.0468370639
0.1,155418.32916228392
0.11,136899.81332590012
0.12,122287.240686081
0.13,110464.32606166258
0.14,100703.07256657162
